<?xml version="1.0" encoding="utf-8" ?>
<dwsync>
<file name="P004.txt" server="pub.aucegypt.edu//faculty/hadi/" local="129445899000000000" remote="129731814000000000" />
<file name="P005.txt" server="pub.aucegypt.edu//faculty/hadi/" local="129445899000000000" remote="129731814000000000" />
<file name="P006.txt" server="pub.aucegypt.edu//faculty/hadi/" local="129445899000000000" remote="129731814000000000" />
<file name="P008.txt" server="pub.aucegypt.edu//faculty/hadi/" local="129445899000000000" remote="129731814000000000" />
<file name="P008-9.txt" server="pub.aucegypt.edu//faculty/hadi/" local="129445899000000000" remote="129731814000000000" />
<file name="P009.txt" server="pub.aucegypt.edu//faculty/hadi/" local="129445899000000000" remote="129731814000000000" />
<file name="P010.txt" server="pub.aucegypt.edu//faculty/hadi/" local="129445899000000000" remote="129731814000000000" />
<file name="P025a.txt" server="pub.aucegypt.edu//faculty/hadi/" local="129445899000000000" remote="129731814000000000" />
<file name="P025b.txt" server="pub.aucegypt.edu//faculty/hadi/" local="129445899000000000" remote="129731814000000000" />
<file name="P027.txt" server="pub.aucegypt.edu//faculty/hadi/" local="129445899000000000" remote="129731814000000000" />
<file name="P049.txt" server="pub.aucegypt.edu//faculty/hadi/" local="129445899000000000" remote="129731814000000000" />
<file name="P050.txt" server="pub.aucegypt.edu//faculty/hadi/" local="129445899000000000" remote="129731814000000000" />
<file name="P056.txt" server="pub.aucegypt.edu//faculty/hadi/" local="129445899000000000" remote="129731814000000000" />
<file name="P076.txt" server="pub.aucegypt.edu//faculty/hadi/" local="129445899000000000" remote="129731814000000000" />
<file name="P081.txt" server="pub.aucegypt.edu//faculty/hadi/" local="129445899000000000" remote="129731814000000000" />
<file name="P095.txt" server="pub.aucegypt.edu//faculty/hadi/" local="129445899000000000" remote="129731814000000000" />
<file name="P112.txt" server="pub.aucegypt.edu//faculty/hadi/" local="129445899000000000" remote="129731814000000000" />
<file name="P116.txt" server="pub.aucegypt.edu//faculty/hadi/" local="129445899000000000" remote="129731814000000000" />
<file name="P118.txt" server="pub.aucegypt.edu//faculty/hadi/" local="129445899000000000" remote="129731814000000000" />
<file name="P120.txt" server="pub.aucegypt.edu//faculty/hadi/" local="129445899000000000" remote="129731814000000000" />
<file name="P122.txt" server="pub.aucegypt.edu//faculty/hadi/" local="129445899000000000" remote="129731814000000000" />
<file name="P132.txt" server="pub.aucegypt.edu//faculty/hadi/" local="129445899000000000" remote="129731814000000000" />
<file name="P142.txt" server="pub.aucegypt.edu//faculty/hadi/" local="129445899000000000" remote="129731814000000000" />
<file name="P144.txt" server="pub.aucegypt.edu//faculty/hadi/" local="129445899000000000" remote="129731814000000000" />
<file name="P145.txt" server="pub.aucegypt.edu//faculty/hadi/" local="129445899000000000" remote="129731814000000000" />
<file name="P146.txt" server="pub.aucegypt.edu//faculty/hadi/" local="129445899000000000" remote="129731814000000000" />
<file name="P147.txt" server="pub.aucegypt.edu//faculty/hadi/" local="129445899000000000" remote="129731814000000000" />
<file name="P148.txt" server="pub.aucegypt.edu//faculty/hadi/" local="129445899000000000" remote="129731814000000000" />
<file name="P149.txt" server="pub.aucegypt.edu//faculty/hadi/" local="129445899000000000" remote="129731814000000000" />
<file name="P155.txt" server="pub.aucegypt.edu//faculty/hadi/" local="129445899000000000" remote="129731814000000000" />
<file name="P164.txt" server="pub.aucegypt.edu//faculty/hadi/" local="129445899000000000" remote="129731814000000000" />
<file name="P172.txt" server="pub.aucegypt.edu//faculty/hadi/" local="129445899000000000" remote="129731814000000000" />
<file name="P174.txt" server="pub.aucegypt.edu//faculty/hadi/" local="129445899000000000" remote="129731814000000000" />
<file name="P175.txt" server="pub.aucegypt.edu//faculty/hadi/" local="129445899000000000" remote="129731814000000000" />
<file name="P176.txt" server="pub.aucegypt.edu//faculty/hadi/" local="129445899000000000" remote="129731814000000000" />
<file name="P177.txt" server="pub.aucegypt.edu//faculty/hadi/" local="129445899000000000" remote="129731814000000000" />
<file name="P187.txt" server="pub.aucegypt.edu//faculty/hadi/" local="129445899000000000" remote="129731814000000000" />
<file name="P199.txt" server="pub.aucegypt.edu//faculty/hadi/" local="129445899000000000" remote="129731814000000000" />
<file name="P207.txt" server="pub.aucegypt.edu//faculty/hadi/" local="129445899000000000" remote="129731814000000000" />
<file name="P212.txt" server="pub.aucegypt.edu//faculty/hadi/" local="129445899000000000" remote="129731814000000000" />
<file name="P217.txt" server="pub.aucegypt.edu//faculty/hadi/" local="129445899000000000" remote="129731814000000000" />
<file name="P224.txt" server="pub.aucegypt.edu//faculty/hadi/" local="129445899000000000" remote="129731814000000000" />
<file name="P229.txt" server="pub.aucegypt.edu//faculty/hadi/" local="129445899000000000" remote="129731814000000000" />
<file name="P236.txt" server="pub.aucegypt.edu//faculty/hadi/" local="129445899000000000" remote="129731814000000000" />
<file name="P256.txt" server="pub.aucegypt.edu//faculty/hadi/" local="129445899000000000" remote="129731814000000000" />
<file name="P266.txt" server="pub.aucegypt.edu//faculty/hadi/" local="129445899000000000" remote="129731814000000000" />
<file name="P276.txt" server="pub.aucegypt.edu//faculty/hadi/" local="129445899000000000" remote="129731814000000000" />
<file name="P297.txt" server="pub.aucegypt.edu//faculty/hadi/" local="129445899000000000" remote="129731814000000000" />
<file name="P302.txt" server="pub.aucegypt.edu//faculty/hadi/" local="129445899000000000" remote="129731814000000000" />
<file name="P310.txt" server="pub.aucegypt.edu//faculty/hadi/" local="129445899000000000" remote="129731814000000000" />
<file name="P322.txt" server="pub.aucegypt.edu//faculty/hadi/" local="129445899000000000" remote="129731814000000000" />
<file name="p331.txt" server="pub.aucegypt.edu//faculty/hadi/" local="129445899000000000" remote="129731814000000000" />
<file name="P339.txt" server="pub.aucegypt.edu//faculty/hadi/" local="129445899000000000" remote="129731814000000000" />
<file name="P340.txt" server="pub.aucegypt.edu//faculty/hadi/" local="129445899000000000" remote="129731814000000000" />
<file name="P344.txt" server="pub.aucegypt.edu//faculty/hadi/" local="129445899000000000" remote="129731814000000000" />
<file name="P349.txt" server="pub.aucegypt.edu//faculty/hadi/" local="129445899000000000" remote="129731814000000000" />
</dwsync>